preset,benchmark,condition,n,err,acc,strict_prompt,loose_prompt,strict_inst,loose_inst,base_acc,delta
gemma4-e2b-it,gsm8k,mohist,1319,0,82.86580742987113,,,,,90.82638362395754,-7.960576194086414
gemma4-e2b-it,gsm8k,baseline,1319,0,90.82638362395754,,,,,90.82638362395754,0.0
gemma4-e2b-it,gsm8k,neutral_long,1319,0,90.37149355572403,,,,,90.82638362395754,-0.4548900682335102
gemma4-e2b-it,gsm8k,legal,1319,0,90.14404852160727,,,,,90.82638362395754,-0.6823351023502653
gemma4-e2b-it,gsm8k,logician,1319,0,89.38589840788475,,,,,90.82638362395754,-1.440485216072787
gemma4-e2b-it,gsm8k,military,1319,0,89.68915845337376,,,,,90.82638362395754,-1.1372251705837755
gemma4-e2b-it,gsm8k,confucian,1319,0,90.06823351023503,,,,,90.82638362395754,-0.7581501137225075
gemma4-e2b-it,gsm8k,dao,1319,0,89.31008339651251,,,,,90.82638362395754,-1.5163002274450292
gemma4-e2b-it,ifeval,legal,541,0,65.80406654343808,0.6580406654343808,0.678373382624769,0.8154929577464789,0.8366197183098592,70.0554528650647,-4.251386321626612
gemma4-e2b-it,ifeval,neutral_long,541,0,69.50092421441775,0.6950092421441775,0.7060998151571165,0.847887323943662,0.8605633802816901,70.0554528650647,-0.5545286506469438
gemma4-e2b-it,ifeval,baseline,541,0,70.0554528650647,0.7005545286506469,0.7171903881700554,0.8492957746478873,0.8661971830985915,70.0554528650647,0.0
gemma4-e2b-it,ifeval,mohist,541,0,65.61922365988909,0.6561922365988909,0.6691312384473198,0.8070422535211268,0.8211267605633803,70.0554528650647,-4.436229205175607
gemma4-e2b-it,ifeval,dao,541,0,70.24029574861368,0.7024029574861368,0.7208872458410351,0.856338028169014,0.8718309859154929,70.0554528650647,0.18484288354898126
gemma4-e2b-it,ifeval,confucian,541,0,65.61922365988909,0.6561922365988909,0.6820702402957486,0.8183098591549296,0.8422535211267606,70.0554528650647,-4.436229205175607
gemma4-e2b-it,ifeval,logician,541,0,64.14048059149722,0.6414048059149723,0.66728280961183,0.7985915492957747,0.8253521126760563,70.0554528650647,-5.9149722735674715
gemma4-e2b-it,ifeval,military,541,0,66.72828096118299,0.66728280961183,0.6913123844731978,0.8225352112676056,0.8450704225352113,70.0554528650647,-3.3271719038817054
qwen3.5-0.8b-it,gsm8k,mohist,1319,0,26.838514025777105,,,,,53.67702805155421,-26.838514025777105
qwen3.5-0.8b-it,gsm8k,neutral_long,1319,0,53.82865807429871,,,,,53.67702805155421,0.15163002274449866
qwen3.5-0.8b-it,gsm8k,baseline,1319,0,53.67702805155421,,,,,53.67702805155421,0.0
qwen3.5-0.8b-it,gsm8k,legal,1319,0,39.72706595905989,,,,,53.67702805155421,-13.949962092494317
qwen3.5-0.8b-it,gsm8k,dao,1319,0,40.1819560272934,,,,,53.67702805155421,-13.495072024260807
qwen3.5-0.8b-it,gsm8k,confucian,1319,0,48.29416224412434,,,,,53.67702805155421,-5.382865807429873
qwen3.5-0.8b-it,gsm8k,military,1319,0,18.57467778620167,,,,,53.67702805155421,-35.10235026535254
qwen3.5-0.8b-it,gsm8k,logician,1319,0,44.275966641395,,,,,53.67702805155421,-9.401061410159208
qwen3.5-0.8b-it,ifeval,legal,541,0,34.195933456561924,0.3419593345656192,0.3955637707948244,0.5070422535211268,0.5633802816901409,46.58040665434381,-12.384473197781887
qwen3.5-0.8b-it,ifeval,neutral_long,541,0,50.27726432532348,0.5027726432532348,0.5360443622920518,0.6464788732394366,0.6873239436619718,46.58040665434381,3.696857670979668
qwen3.5-0.8b-it,ifeval,mohist,541,0,46.950092421441774,0.46950092421441775,0.49168207024029575,0.6253521126760564,0.6563380281690141,46.58040665434381,0.3696857670979625
qwen3.5-0.8b-it,ifeval,baseline,541,0,46.58040665434381,0.4658040665434381,0.5083179297597042,0.6225352112676056,0.6732394366197183,46.58040665434381,0.0
qwen3.5-0.8b-it,ifeval,military,541,0,36.59889094269871,0.3659889094269871,0.40850277264325324,0.5366197183098591,0.5830985915492958,46.58040665434381,-9.981515711645102
qwen3.5-0.8b-it,ifeval,logician,541,0,40.29574861367837,0.4029574861367837,0.45471349353049906,0.5690140845070423,0.6225352112676056,46.58040665434381,-6.284658040665441
qwen3.5-0.8b-it,ifeval,dao,541,0,43.992606284658045,0.4399260628465804,0.4805914972273567,0.5859154929577465,0.6408450704225352,46.58040665434381,-2.587800369685766
qwen3.5-0.8b-it,ifeval,confucian,541,0,39.00184842883549,0.3900184842883549,0.4491682070240296,0.5380281690140845,0.6028169014084507,46.58040665434381,-7.578558225508324
qwen3.5-27b-it,gsm8k,baseline,1319,0,96.73995451099317,,,,,96.73995451099317,0.0
qwen3.5-27b-it,ifeval,baseline,541,0,77.81885397412199,0.7781885397412199,0.8170055452865065,0.9169014084507042,0.9478873239436619,77.81885397412199,0.0
qwen3.5-27b-it,gsm8k,neutral_long,1319,0,97.1948445792267,,,,,96.73995451099317,0.4548900682335244
qwen3.5-27b-it,ifeval,neutral_long,541,0,78.00369685767097,0.7800369685767098,0.8077634011090573,0.9183098591549296,0.9422535211267605,77.81885397412199,0.18484288354898126
qwen3.5-27b-it,gsm8k,dao,1319,0,94.46550416982562,,,,,96.73995451099317,-2.274450341167551
qwen3.5-27b-it,ifeval,dao,541,0,76.89463955637707,0.7689463955637708,0.7985212569316081,0.9098591549295775,0.9352112676056338,77.81885397412199,-0.9242144177449205
qwen3.5-27b-it,gsm8k,confucian,1319,0,96.43669446550417,,,,,96.73995451099317,-0.3032600454889973
qwen3.5-27b-it,ifeval,confucian,541,0,70.60998151571165,0.7060998151571165,0.7412199630314233,0.8464788732394366,0.8760563380281691,77.81885397412199,-7.20887245841034
qwen3.5-27b-it,gsm8k,legal,1319,0,93.32827899924186,,,,,96.73995451099317,-3.4116755117513122
qwen3.5-27b-it,ifeval,legal,541,0,46.58040665434381,0.4658040665434381,0.4953789279112754,0.6253521126760564,0.6549295774647887,77.81885397412199,-31.23844731977818
qwen3.5-27b-it,gsm8k,military,1319,0,96.13343442001516,,,,,96.73995451099317,-0.6065200909780089
qwen3.5-27b-it,ifeval,military,541,0,55.637707948244,0.55637707948244,0.5822550831792976,0.7084507042253522,0.7366197183098592,77.81885397412199,-22.181146025877993
qwen3.5-27b-it,gsm8k,mohist,1319,0,95.75435936315391,,,,,96.73995451099317,-0.9855951478392626
qwen3.5-27b-it,ifeval,mohist,541,0,67.28280961182995,0.6728280961182994,0.6950092421441775,0.8253521126760563,0.8464788732394366,77.81885397412199,-10.536044362292046
qwen3.5-27b-it,gsm8k,logician,1319,0,93.4040940106141,,,,,96.73995451099317,-3.33586050037907
qwen3.5-27b-it,ifeval,logician,541,0,58.04066543438078,0.5804066543438078,0.6136783733826248,0.747887323943662,0.7788732394366197,77.81885397412199,-19.778188539741215
qwen3.5-2b-it,gsm8k,mohist,1319,0,50.644427596664144,,,,,78.84761182714178,-28.203184230477632
qwen3.5-2b-it,gsm8k,neutral_long,1319,0,77.25549658832449,,,,,78.84761182714178,-1.5921152388172857
qwen3.5-2b-it,gsm8k,baseline,1319,0,78.84761182714178,,,,,78.84761182714178,0.0
qwen3.5-2b-it,gsm8k,logician,1319,0,65.57998483699772,,,,,78.84761182714178,-13.267626990144052
qwen3.5-2b-it,gsm8k,confucian,1319,0,67.32373009855952,,,,,78.84761182714178,-11.523881728582253
qwen3.5-2b-it,gsm8k,dao,1319,0,62.3199393479909,,,,,78.84761182714178,-16.527672479150873
qwen3.5-2b-it,gsm8k,legal,1319,0,64.59438968915845,,,,,78.84761182714178,-14.253222137983329
qwen3.5-2b-it,gsm8k,military,1319,0,68.15769522365429,,,,,78.84761182714178,-10.68991660348749
qwen3.5-2b-it,ifeval,baseline,541,0,60.44362292051756,0.6044362292051756,0.6451016635859519,0.7647887323943662,0.8042253521126761,60.44362292051756,0.0
qwen3.5-2b-it,ifeval,mohist,541,0,57.301293900184845,0.5730129390018485,0.6062846580406654,0.7422535211267606,0.7718309859154929,60.44362292051756,-3.142329020332717
qwen3.5-2b-it,ifeval,neutral_long,541,0,61.182994454713494,0.6118299445471349,0.6561922365988909,0.7704225352112676,0.8126760563380282,60.44362292051756,0.7393715341959322
qwen3.5-2b-it,ifeval,military,541,0,43.992606284658045,0.4399260628465804,0.4787430683918669,0.6154929577464788,0.6577464788732394,60.44362292051756,-16.451016635859517
qwen3.5-2b-it,ifeval,confucian,541,0,43.80776340110906,0.43807763401109057,0.5009242144177449,0.5957746478873239,0.6633802816901408,60.44362292051756,-16.635859519408505
qwen3.5-2b-it,ifeval,dao,541,0,59.51940850277264,0.5951940850277264,0.634011090573013,0.7507042253521127,0.7887323943661971,60.44362292051756,-0.9242144177449205
qwen3.5-2b-it,ifeval,legal,541,0,41.0351201478743,0.41035120147874304,0.45471349353049906,0.5859154929577465,0.6309859154929578,60.44362292051756,-19.40850277264326
qwen3.5-2b-it,ifeval,logician,541,0,55.45286506469501,0.5545286506469501,0.5933456561922366,0.7154929577464789,0.7549295774647887,60.44362292051756,-4.990757855822551
qwen3.5-4b-it,gsm8k,baseline,1319,0,94.08642911296437,,,,,94.08642911296437,0.0
qwen3.5-4b-it,ifeval,baseline,541,0,73.93715341959334,0.7393715341959335,0.7744916820702403,0.8802816901408451,0.9112676056338028,73.93715341959334,0.0
qwen3.5-4b-it,gsm8k,neutral_long,1319,0,93.17664897649735,,,,,94.08642911296437,-0.9097801364670204
qwen3.5-4b-it,ifeval,neutral_long,541,0,73.19778188539742,0.7319778188539742,0.7634011090573013,0.8746478873239436,0.9014084507042254,73.93715341959334,-0.739371534195925
qwen3.5-4b-it,gsm8k,dao,1319,0,81.27369219105383,,,,,94.08642911296437,-12.812736921910542
qwen3.5-4b-it,ifeval,dao,541,0,73.01293900184844,0.7301293900184843,0.7615526802218114,0.8774647887323944,0.9042253521126761,73.93715341959334,-0.9242144177449063
qwen3.5-4b-it,gsm8k,confucian,1319,0,92.19105382865807,,,,,94.08642911296437,-1.8953752843062972
qwen3.5-4b-it,ifeval,confucian,541,0,59.88909426987061,0.5988909426987061,0.6414048059149723,0.7563380281690141,0.7929577464788733,73.93715341959334,-14.048059149722732
qwen3.5-4b-it,gsm8k,legal,1319,0,91.20545868081881,,,,,94.08642911296437,-2.88097043214556
qwen3.5-4b-it,ifeval,legal,541,0,48.428835489833645,0.48428835489833644,0.5194085027726433,0.6309859154929578,0.6647887323943662,73.93715341959334,-25.5083179297597
qwen3.5-4b-it,gsm8k,military,1319,0,90.67475360121304,,,,,94.08642911296437,-3.4116755117513264
qwen3.5-4b-it,ifeval,military,541,0,53.23475046210721,0.532347504621072,0.5674676524953789,0.7056338028169014,0.7338028169014085,73.93715341959334,-20.702402957486136
qwen3.5-4b-it,gsm8k,mohist,1319,0,80.59135708870356,,,,,94.08642911296437,-13.495072024260807
qwen3.5-4b-it,ifeval,mohist,541,0,65.06469500924214,0.6506469500924215,0.6765249537892791,0.8056338028169014,0.8309859154929577,73.93715341959334,-8.8724584103512
qwen3.5-4b-it,gsm8k,logician,1319,0,84.91281273692191,,,,,94.08642911296437,-9.17361637604246
qwen3.5-4b-it,ifeval,logician,541,0,58.41035120147874,0.5841035120147874,0.6192236598890942,0.7492957746478873,0.7859154929577464,73.93715341959334,-15.526802218114604
qwen3.5-9b-it,gsm8k,baseline,1319,0,94.31387414708112,,,,,94.31387414708112,0.0
qwen3.5-9b-it,ifeval,baseline,541,0,75.78558225508318,0.7578558225508318,0.7911275415896488,0.8971830985915493,0.9253521126760563,75.78558225508318,0.0
qwen3.5-9b-it,gsm8k,neutral_long,1319,0,94.46550416982562,,,,,94.31387414708112,0.15163002274449866
qwen3.5-9b-it,ifeval,neutral_long,541,0,75.23105360443623,0.7523105360443623,0.7744916820702403,0.895774647887324,0.9154929577464789,75.78558225508318,-0.554528650646958
qwen3.5-9b-it,gsm8k,dao,1319,0,86.88400303260046,,,,,94.31387414708112,-7.429871114480662
qwen3.5-9b-it,ifeval,dao,541,0,75.97042513863215,0.7597042513863216,0.7818853974121996,0.8985915492957747,0.9211267605633803,75.78558225508318,0.18484288354896705
qwen3.5-9b-it,gsm8k,confucian,1319,0,92.03942380591357,,,,,94.31387414708112,-2.274450341167551
qwen3.5-9b-it,ifeval,confucian,541,0,65.06469500924214,0.6506469500924215,0.6931608133086876,0.8042253521126761,0.8422535211267606,75.78558225508318,-10.720887245841041
qwen3.5-9b-it,gsm8k,legal,1319,0,87.11144806671722,,,,,94.31387414708112,-7.202426080363907
qwen3.5-9b-it,ifeval,legal,541,0,56.931608133086876,0.5693160813308688,0.5859519408502772,0.7267605633802817,0.7422535211267606,75.78558225508318,-18.85397412199631
qwen3.5-9b-it,gsm8k,military,1319,0,92.26686884003033,,,,,94.31387414708112,-2.047005307050796
qwen3.5-9b-it,ifeval,military,541,0,58.78003696857671,0.5878003696857671,0.6136783733826248,0.7605633802816901,0.780281690140845,75.78558225508318,-17.005545286506475
qwen3.5-9b-it,gsm8k,mohist,1319,0,84.4579226686884,,,,,94.31387414708112,-9.855951478392726
qwen3.5-9b-it,ifeval,mohist,541,0,68.39186691312385,0.6839186691312384,0.7134935304990758,0.8366197183098592,0.8676056338028169,75.78558225508318,-7.393715341959336
qwen3.5-9b-it,gsm8k,logician,1319,0,83.62395754359363,,,,,94.31387414708112,-10.68991660348749
qwen3.5-9b-it,ifeval,logician,541,0,56.007393715341955,0.5600739371534196,0.6025878003696857,0.7309859154929578,0.7676056338028169,75.78558225508318,-19.77818853974123
qwen3.5-0.8b-it,mmlu,mohist,14042,0,43.27731092436975,,,,,43.91112377154251,-0.6338128471727629
qwen3.5-0.8b-it,mmlu,logician,14042,0,37.03888334995015,,,,,43.91112377154251,-6.872240421592366
qwen3.5-0.8b-it,mmlu,dao,14042,0,41.16934909557043,,,,,43.91112377154251,-2.7417746759720814
qwen3.5-0.8b-it,mmlu,baseline,14042,0,43.91112377154251,,,,,43.91112377154251,0.0
qwen3.5-0.8b-it,mmlu,neutral_long,14042,0,42.09514314200256,,,,,43.91112377154251,-1.8159806295399505
qwen3.5-0.8b-it,mmlu,legal,14042,0,38.527275316906426,,,,,43.91112377154251,-5.383848454636087
qwen3.5-0.8b-it,mmlu,confucian,14042,0,38.10710724967954,,,,,43.91112377154251,-5.804016521862977
qwen3.5-0.8b-it,mmlu,military,14042,0,39.22518159806295,,,,,43.91112377154251,-4.68594217347956
qwen3.5-0.8b-it,bbh,legal,6511,0,23.437260021502073,,,,,39.579173706035945,-16.141913684533872
qwen3.5-0.8b-it,bbh,dao,6511,0,24.65059130701889,,,,,39.579173706035945,-14.928582399017056
qwen3.5-0.8b-it,bbh,confucian,6511,0,23.851942865919213,,,,,39.579173706035945,-15.727230840116732
qwen3.5-0.8b-it,bbh,mohist,6511,0,34.311165719551525,,,,,39.579173706035945,-5.26800798648442
qwen3.5-0.8b-it,bbh,baseline,6511,0,39.579173706035945,,,,,39.579173706035945,0.0
qwen3.5-0.8b-it,bbh,logician,6511,0,21.087390569804946,,,,,39.579173706035945,-18.491783136231
qwen3.5-0.8b-it,bbh,neutral_long,6511,0,41.69866379972355,,,,,39.579173706035945,2.1194900936876024
qwen3.5-0.8b-it,bbh,military,6511,0,15.78866533558593,,,,,39.579173706035945,-23.790508370450013
qwen3.5-0.8b-it,humaneval,mohist,164,0,1.2195121951219512,,,,,25.0,-23.78048780487805
qwen3.5-0.8b-it,truthfulqa,mohist,817,0,31.823745410036718,,,,,42.227662178702566,-10.403916768665848
qwen3.5-0.8b-it,humaneval,confucian,164,0,23.170731707317074,,,,,25.0,-1.8292682926829258
qwen3.5-0.8b-it,humaneval,neutral_long,164,0,18.902439024390244,,,,,25.0,-6.097560975609756
qwen3.5-0.8b-it,humaneval,legal,164,0,20.121951219512198,,,,,25.0,-4.878048780487802
qwen3.5-0.8b-it,humaneval,logician,164,0,24.390243902439025,,,,,25.0,-0.6097560975609753
qwen3.5-0.8b-it,truthfulqa,confucian,817,0,43.20685434516524,,,,,42.227662178702566,0.9791921664626742
qwen3.5-0.8b-it,truthfulqa,logician,817,0,42.10526315789473,,,,,42.227662178702566,-0.12239902080783338
qwen3.5-0.8b-it,humaneval,military,164,0,25.0,,,,,25.0,0.0
qwen3.5-0.8b-it,truthfulqa,neutral_long,817,0,36.964504283965724,,,,,42.227662178702566,-5.2631578947368425
qwen3.5-0.8b-it,truthfulqa,military,817,0,33.65973072215422,,,,,42.227662178702566,-8.567931456548344
qwen3.5-0.8b-it,humaneval,baseline,164,0,25.0,,,,,25.0,0.0
qwen3.5-0.8b-it,humaneval,dao,164,0,26.21951219512195,,,,,25.0,1.2195121951219505
qwen3.5-0.8b-it,truthfulqa,baseline,817,0,42.227662178702566,,,,,42.227662178702566,0.0
qwen3.5-0.8b-it,truthfulqa,dao,817,0,44.430844553243574,,,,,42.227662178702566,2.203182374541008
qwen3.5-0.8b-it,truthfulqa,legal,817,0,35.98531211750306,,,,,42.227662178702566,-6.2423500611995095
qwen3.5-2b-it,mmlu,mohist,14042,0,57.20695057684091,,,,,54.94231590941462,2.264634667426293
qwen3.5-2b-it,mmlu,dao,14042,0,55.65446517590087,,,,,54.94231590941462,0.7121492664862501
qwen3.5-2b-it,mmlu,baseline,14042,0,54.94231590941462,,,,,54.94231590941462,0.0
qwen3.5-2b-it,mmlu,legal,14042,0,57.69833357071642,,,,,54.94231590941462,2.7560176613018044
qwen3.5-2b-it,mmlu,logician,14042,0,55.83250249252243,,,,,54.94231590941462,0.8901865831078126
qwen3.5-2b-it,mmlu,neutral_long,14042,0,58.51730522717562,,,,,54.94231590941462,3.574989317761002
qwen3.5-2b-it,mmlu,military,14042,0,57.22119356217063,,,,,54.94231590941462,2.278877652756016
qwen3.5-2b-it,mmlu,confucian,14042,0,57.44908132744623,,,,,54.94231590941462,2.5067654180316126
qwen3.5-2b-it,bbh,baseline,6511,0,43.464905544463214,,,,,43.464905544463214,0.0
qwen3.5-2b-it,bbh,mohist,6511,0,41.007525725694975,,,,,43.464905544463214,-2.4573798187682385
qwen3.5-2b-it,bbh,dao,6511,0,29.61142681615727,,,,,43.464905544463214,-13.853478728305944
qwen3.5-2b-it,bbh,legal,6511,0,30.962985716479803,,,,,43.464905544463214,-12.50191982798341
qwen3.5-2b-it,bbh,military,6511,0,25.479956995853172,,,,,43.464905544463214,-17.984948548610042
qwen3.5-2b-it,bbh,neutral_long,6511,0,48.18000307172478,,,,,43.464905544463214,4.7150975272615625
qwen3.5-2b-it,bbh,logician,6511,0,32.85209645215789,,,,,43.464905544463214,-10.612809092305326
qwen3.5-2b-it,bbh,confucian,6511,0,37.19858700660421,,,,,43.464905544463214,-6.266318537859007
qwen3.5-2b-it,humaneval,mohist,164,0,20.121951219512198,,,,,17.682926829268293,2.4390243902439046
qwen3.5-2b-it,truthfulqa,mohist,817,0,47.00122399020808,,,,,43.81884944920441,3.182374541003675
qwen3.5-2b-it,humaneval,baseline,164,0,17.682926829268293,,,,,17.682926829268293,0.0
qwen3.5-2b-it,humaneval,legal,164,0,35.36585365853659,,,,,17.682926829268293,17.682926829268293
qwen3.5-2b-it,humaneval,confucian,164,0,33.53658536585366,,,,,17.682926829268293,15.853658536585368
qwen3.5-2b-it,truthfulqa,baseline,817,0,43.81884944920441,,,,,43.81884944920441,0.0
qwen3.5-2b-it,humaneval,dao,164,0,40.243902439024396,,,,,17.682926829268293,22.560975609756103
qwen3.5-2b-it,truthfulqa,confucian,817,0,50.06119951040392,,,,,43.81884944920441,6.2423500611995095
qwen3.5-2b-it,humaneval,logician,164,0,34.756097560975604,,,,,17.682926829268293,17.07317073170731
qwen3.5-2b-it,truthfulqa,legal,817,0,49.69400244798042,,,,,43.81884944920441,5.875152998776009
qwen3.5-2b-it,humaneval,military,164,0,20.73170731707317,,,,,17.682926829268293,3.0487804878048763
qwen3.5-2b-it,truthfulqa,dao,817,0,52.38678090575275,,,,,43.81884944920441,8.567931456548344
qwen3.5-2b-it,truthfulqa,logician,817,0,27.41738066095471,,,,,43.81884944920441,-16.401468788249698
qwen3.5-2b-it,humaneval,neutral_long,164,0,24.390243902439025,,,,,17.682926829268293,6.7073170731707314
qwen3.5-2b-it,truthfulqa,military,817,0,41.37086903304773,,,,,43.81884944920441,-2.4479804161566747
qwen3.5-2b-it,truthfulqa,neutral_long,817,0,45.65483476132191,,,,,43.81884944920441,1.8359853121175007
qwen3.5-4b-it,mmlu,mohist,14042,0,71.30750605326877,,,,,70.95143142002563,0.35607463324313926
qwen3.5-4b-it,mmlu,military,14042,0,71.40720695057684,,,,,70.95143142002563,0.45577553055120745
qwen3.5-4b-it,mmlu,logician,14042,0,67.46190001424299,,,,,70.95143142002563,-3.4895314057826425
qwen3.5-4b-it,mmlu,confucian,14042,0,65.26848027346533,,,,,70.95143142002563,-5.682951146560299
qwen3.5-4b-it,mmlu,neutral_long,14042,0,73.0878792194844,,,,,70.95143142002563,2.1364477994587787
qwen3.5-4b-it,mmlu,baseline,14042,0,70.95143142002563,,,,,70.95143142002563,0.0
qwen3.5-4b-it,mmlu,dao,14042,0,70.32474006551773,,,,,70.95143142002563,-0.6266913545078978
qwen3.5-4b-it,mmlu,legal,14042,0,71.63509471585245,,,,,70.95143142002563,0.6836632958268183
qwen3.5-4b-it,bbh,baseline,6511,0,56.627246198740586,,,,,56.627246198740586,0.0
qwen3.5-4b-it,bbh,mohist,6511,0,58.7774535401628,,,,,56.627246198740586,2.1502073414222167
qwen3.5-4b-it,bbh,dao,6511,0,33.35893103977884,,,,,56.627246198740586,-23.268315158961748
qwen3.5-4b-it,bbh,military,6511,0,19.520810935340194,,,,,56.627246198740586,-37.10643526340039
qwen3.5-4b-it,bbh,legal,6511,0,50.990631239440944,,,,,56.627246198740586,-5.636614959299642
qwen3.5-4b-it,bbh,neutral_long,6511,0,57.47197051144217,,,,,56.627246198740586,0.8447243127015867
qwen3.5-4b-it,bbh,logician,6511,0,14.590692673936415,,,,,56.627246198740586,-42.03655352480417
qwen3.5-4b-it,bbh,confucian,6511,0,44.3249884810321,,,,,56.627246198740586,-12.302257717708486
qwen3.5-4b-it,humaneval,mohist,164,0,32.926829268292686,,,,,68.29268292682927,-35.36585365853659
qwen3.5-4b-it,truthfulqa,mohist,817,0,70.37943696450428,,,,,66.82986536107711,3.549571603427168
qwen3.5-4b-it,humaneval,neutral_long,164,0,67.6829268292683,,,,,68.29268292682927,-0.6097560975609753
qwen3.5-4b-it,humaneval,baseline,164,0,68.29268292682927,,,,,68.29268292682927,0.0
qwen3.5-4b-it,truthfulqa,neutral_long,817,0,68.29865361077111,,,,,66.82986536107711,1.4687882496940006
qwen3.5-4b-it,humaneval,legal,164,0,70.1219512195122,,,,,68.29268292682927,1.8292682926829258
qwen3.5-4b-it,truthfulqa,baseline,817,0,66.82986536107711,,,,,66.82986536107711,0.0
qwen3.5-4b-it,humaneval,dao,164,0,66.46341463414635,,,,,68.29268292682927,-1.8292682926829258
qwen3.5-4b-it,truthfulqa,legal,817,0,68.91064871481028,,,,,66.82986536107711,2.0807833537331675
qwen3.5-4b-it,humaneval,confucian,164,0,70.73170731707317,,,,,68.29268292682927,2.439024390243901
qwen3.5-4b-it,humaneval,logician,164,0,69.51219512195121,,,,,68.29268292682927,1.2195121951219363
qwen3.5-4b-it,truthfulqa,dao,817,0,55.569155446756426,,,,,66.82986536107711,-11.260709914320685
qwen3.5-4b-it,truthfulqa,confucian,817,0,41.126070991432066,,,,,66.82986536107711,-25.703794369645045
qwen3.5-4b-it,humaneval,military,164,0,68.29268292682927,,,,,68.29268292682927,0.0
qwen3.5-4b-it,truthfulqa,logician,817,0,55.691554467564266,,,,,66.82986536107711,-11.138310893512845
qwen3.5-4b-it,truthfulqa,military,817,0,66.58506731946144,,,,,66.82986536107711,-0.24479804161566676
qwen3.5-9b-it,mmlu,mohist,14042,0,77.1969804871101,,,,,77.79518587095855,-0.5982053838484518
qwen3.5-9b-it,mmlu,baseline,14042,0,77.79518587095855,,,,,77.79518587095855,0.0
qwen3.5-9b-it,mmlu,legal,14042,0,76.13587808004559,,,,,77.79518587095855,-1.6593077909129619
qwen3.5-9b-it,mmlu,logician,14042,0,76.11451360205099,,,,,77.79518587095855,-1.680672268907557
qwen3.5-9b-it,mmlu,military,14042,0,76.42785927930494,,,,,77.79518587095855,-1.3673265916536081
qwen3.5-9b-it,mmlu,dao,14042,0,76.99757869249395,,,,,77.79518587095855,-0.7976071784646024
qwen3.5-9b-it,mmlu,confucian,14042,0,76.17860703603475,,,,,77.79518587095855,-1.6165788349238
qwen3.5-9b-it,mmlu,neutral_long,14042,0,77.92337273892608,,,,,77.79518587095855,0.12818686796752843
qwen3.5-9b-it,bbh,baseline,6511,0,60.374750422362155,,,,,60.374750422362155,0.0
qwen3.5-9b-it,bbh,mohist,6511,0,74.56611887574873,,,,,60.374750422362155,14.191368453386573
qwen3.5-9b-it,bbh,dao,6511,0,33.420365535248045,,,,,60.374750422362155,-26.95438488711411
qwen3.5-9b-it,bbh,military,6511,0,15.4661342343726,,,,,60.374750422362155,-44.90861618798955
qwen3.5-9b-it,bbh,legal,6511,0,39.50238058669943,,,,,60.374750422362155,-20.872369835662724
qwen3.5-9b-it,bbh,logician,6511,0,8.401167255413915,,,,,60.374750422362155,-51.97358316694824
qwen3.5-9b-it,bbh,neutral_long,6511,0,63.784364920903094,,,,,60.374750422362155,3.4096144985409396
qwen3.5-9b-it,bbh,confucian,6511,0,43.89494701274766,,,,,60.374750422362155,-16.479803409614497
qwen3.5-9b-it,humaneval,mohist,164,0,39.02439024390244,,,,,4.878048780487805,34.146341463414636
qwen3.5-9b-it,truthfulqa,mohist,817,0,75.1529987760098,,,,,72.70501835985313,2.4479804161566676
qwen3.5-9b-it,humaneval,neutral_long,164,0,44.51219512195122,,,,,4.878048780487805,39.63414634146342
qwen3.5-9b-it,humaneval,baseline,164,0,4.878048780487805,,,,,4.878048780487805,0.0
qwen3.5-9b-it,truthfulqa,neutral_long,817,0,72.09302325581395,,,,,72.70501835985313,-0.6119951040391811
qwen3.5-9b-it,truthfulqa,baseline,817,0,72.70501835985313,,,,,72.70501835985313,0.0
qwen3.5-9b-it,humaneval,military,164,0,70.73170731707317,,,,,4.878048780487805,65.85365853658537
qwen3.5-9b-it,humaneval,dao,164,0,77.4390243902439,,,,,4.878048780487805,72.5609756097561
qwen3.5-9b-it,humaneval,legal,164,0,78.65853658536585,,,,,4.878048780487805,73.78048780487805
qwen3.5-9b-it,truthfulqa,legal,817,0,74.90820073439413,,,,,72.70501835985313,2.203182374541001
qwen3.5-9b-it,truthfulqa,dao,817,0,73.68421052631578,,,,,72.70501835985313,0.9791921664626528
qwen3.5-9b-it,humaneval,confucian,164,0,81.70731707317073,,,,,4.878048780487805,76.82926829268293
qwen3.5-9b-it,humaneval,logician,164,0,78.65853658536585,,,,,4.878048780487805,73.78048780487805
qwen3.5-9b-it,truthfulqa,military,817,0,72.09302325581395,,,,,72.70501835985313,-0.6119951040391811
qwen3.5-9b-it,truthfulqa,confucian,817,0,71.97062423500611,,,,,72.70501835985313,-0.7343941248470145
qwen3.5-9b-it,truthfulqa,logician,817,0,70.50183598531213,,,,,72.70501835985313,-2.203182374541001
